{"cameraMode":{"drawMode":0,"name":"Shaded","section":"Shading Mode"},"sceneLighting":false,"audioPlay":false,"sceneViewState":{"showFog":true,"showMaterialUpdate":true,"showSkybox":true,"showFlares":true,"showImageEffects":true,"showParticleSystems":true},"in2DMode":false,"pivot":{"x":-0.9329164624214172,"y":0.6363627314567566,"z":0.5402202606201172},"rotation":{"x":-0.10408523678779602,"y":0.7490774393081665,"z":-0.12127208709716797,"w":-0.6429170966148377},"size":2.7480599880218508,"orthographic":false}