{"cameraMode":{"drawMode":2,"name":"Shaded Wireframe","section":"Shading Mode"},"sceneLighting":false,"audioPlay":false,"sceneViewState":{"showFog":true,"showMaterialUpdate":true,"showSkybox":true,"showFlares":true,"showImageEffects":true,"showParticleSystems":true},"in2DMode":false,"pivot":{"x":3.3111014366149904,"y":2.6176793575286867,"z":52.877891540527347},"rotation":{"x":-0.09993312507867813,"y":-0.5757636427879334,"z":0.07117864489555359,"w":-0.808358371257782},"size":9.638562202453614,"orthographic":false}