{"cameraMode":{"drawMode":2,"name":"Shaded Wireframe","section":"Shading Mode"},"sceneLighting":false,"audioPlay":false,"sceneViewState":{"showFog":true,"showMaterialUpdate":true,"showSkybox":true,"showFlares":true,"showImageEffects":true,"showParticleSystems":true},"in2DMode":false,"pivot":{"x":0.501945972442627,"y":0.11358925700187683,"z":0.5027024745941162},"rotation":{"x":0.24061132967472077,"y":0.005823642015457153,"z":-0.0014438001671805978,"w":0.9706029891967773},"size":1.1682603359222413,"orthographic":false}