{"cameraMode":{"drawMode":0,"name":"Shaded","section":"Shading Mode"},"sceneLighting":false,"audioPlay":false,"sceneViewState":{"showFog":true,"showMaterialUpdate":true,"showSkybox":true,"showFlares":true,"showImageEffects":true,"showParticleSystems":true},"in2DMode":false,"pivot":{"x":0.3705393075942993,"y":0.5950808525085449,"z":-1.141195297241211},"rotation":{"x":0.06507906317710877,"y":-0.9348494410514832,"z":0.25270017981529238,"w":0.2407570481300354},"size":2.58756685256958,"orthographic":false}