{"cameraMode":{"drawMode":0,"name":"Shaded","section":"Shading Mode"},"sceneLighting":false,"audioPlay":false,"sceneViewState":{"showFog":true,"showMaterialUpdate":true,"showSkybox":true,"showFlares":true,"showImageEffects":true,"showParticleSystems":true},"in2DMode":false,"pivot":{"x":22.9005184173584,"y":-0.8181447982788086,"z":19.036951065063478},"rotation":{"x":-0.18922460079193116,"y":-0.33190274238586428,"z":0.0681450292468071,"w":-0.9216240644454956},"size":41.0716667175293,"orthographic":false}