{"cameraMode":{"drawMode":0,"name":"Shaded","section":"Shading Mode"},"sceneLighting":false,"audioPlay":false,"sceneViewState":{"showFog":true,"showMaterialUpdate":true,"showSkybox":true,"showFlares":true,"showImageEffects":true,"showParticleSystems":true},"in2DMode":false,"pivot":{"x":-0.0026154518127441408,"y":0.1804593801498413,"z":0.07315003871917725},"rotation":{"x":-0.06946158409118653,"y":0.9263471961021423,"z":-0.21202108263969422,"w":-0.3034847378730774},"size":0.9477314352989197,"orthographic":false}