{"cameraMode":{"drawMode":0,"name":"Shaded","section":"Shading Mode"},"sceneLighting":false,"audioPlay":false,"sceneViewState":{"showFog":true,"showMaterialUpdate":true,"showSkybox":true,"showFlares":true,"showImageEffects":true,"showParticleSystems":true},"in2DMode":false,"pivot":{"x":0.0247361958026886,"y":0.4868062138557434,"z":0.1255742460489273},"rotation":{"x":-0.0669216588139534,"y":0.92535001039505,"z":-0.3185102343559265,"w":-0.19442255795001985},"size":2.9710583686828615,"orthographic":false}