{"cameraMode":{"drawMode":0,"name":"Shaded","section":"Shading Mode"},"sceneLighting":false,"audioPlay":false,"sceneViewState":{"showFog":false,"showMaterialUpdate":false,"showSkybox":false,"showFlares":false,"showImageEffects":false,"showParticleSystems":false},"in2DMode":false,"pivot":{"x":0.5537828803062439,"y":0.014433860778808594,"z":1.6478757858276368},"rotation":{"x":0.0006652374868281186,"y":-0.9488204121589661,"z":0.31580936908721926,"w":0.0019988236017525198},"size":4.557669639587402,"orthographic":false}