{"cameraMode":{"drawMode":0,"name":"Shaded","section":"Shading Mode"},"sceneLighting":false,"audioPlay":false,"sceneViewState":{"showFog":false,"showMaterialUpdate":false,"showSkybox":false,"showFlares":false,"showImageEffects":false,"showParticleSystems":false},"in2DMode":false,"pivot":{"x":3.0789403915405275,"y":-0.18822097778320313,"z":3.4337220191955568},"rotation":{"x":-0.08227092027664185,"y":-0.8650334477424622,"z":0.15099267661571504,"w":-0.4713278114795685},"size":35.54595947265625,"orthographic":false}