{"cameraMode":{"drawMode":2,"name":"Shaded Wireframe","section":"Shading Mode"},"sceneLighting":false,"audioPlay":false,"sceneViewState":{"showFog":true,"showMaterialUpdate":true,"showSkybox":true,"showFlares":true,"showImageEffects":true,"showParticleSystems":true},"in2DMode":false,"pivot":{"x":0.49224698543548586,"y":0.9730038046836853,"z":0.4861072897911072},"rotation":{"x":0.09579045325517655,"y":0.24522855877876283,"z":-0.024357382208108903,"w":0.9644137620925903},"size":4.20345401763916,"orthographic":false}