{"cameraMode":{"drawMode":2,"name":"Shaded Wireframe","section":"Shading Mode"},"sceneLighting":false,"audioPlay":false,"sceneViewState":{"showFog":true,"showMaterialUpdate":true,"showSkybox":true,"showFlares":true,"showImageEffects":true,"showParticleSystems":true},"in2DMode":false,"pivot":{"x":0.4402002692222595,"y":0.21860802173614503,"z":0.5080693960189819},"rotation":{"x":0.3948799669742584,"y":0.6051154136657715,"z":-0.49033570289611819,"w":0.4873151183128357},"size":1.2094552516937256,"orthographic":false}