{"cameraMode":{"drawMode":0,"name":"Shaded","section":"Shading Mode"},"sceneLighting":true,"audioPlay":false,"sceneViewState":{"showFog":true,"showMaterialUpdate":true,"showSkybox":true,"showFlares":true,"showImageEffects":true,"showParticleSystems":true},"in2DMode":false,"pivot":{"x":18.44898223876953,"y":-14.918127059936524,"z":34.724822998046878},"rotation":{"x":-0.39666748046875,"y":-0.021554013714194299,"z":0.009317181073129177,"w":-0.9176620244979858},"size":66.44676971435547,"orthographic":false}