{"cameraMode":{"drawMode":0,"name":"Shaded","section":"Shading Mode"},"sceneLighting":false,"audioPlay":false,"sceneViewState":{"showFog":true,"showMaterialUpdate":true,"showSkybox":true,"showFlares":true,"showImageEffects":true,"showParticleSystems":true},"in2DMode":false,"pivot":{"x":3.3327903747558595,"y":1.9111392498016358,"z":50.08575439453125},"rotation":{"x":0.014330594800412655,"y":0.9563420414924622,"z":-0.28799325227737429,"w":0.047588009387254718},"size":7.1327056884765629,"orthographic":false}