{"cameraMode":{"drawMode":0,"name":"Shaded","section":"Shading Mode"},"sceneLighting":false,"audioPlay":false,"sceneViewState":{"showFog":true,"showMaterialUpdate":true,"showSkybox":true,"showFlares":true,"showImageEffects":true,"showParticleSystems":true},"in2DMode":false,"pivot":{"x":0.025955237448215486,"y":-0.003703594207763672,"z":-0.0031140074133872988},"rotation":{"x":0.0568975955247879,"y":0.05065760016441345,"z":-0.002890573348850012,"w":0.9970898032188416},"size":1.2255147695541382,"orthographic":false}