{"cameraMode":{"drawMode":2,"name":"Shaded Wireframe","section":"Shading Mode"},"sceneLighting":false,"audioPlay":false,"sceneViewState":{"showFog":true,"showMaterialUpdate":true,"showSkybox":true,"showFlares":true,"showImageEffects":true,"showParticleSystems":true},"in2DMode":false,"pivot":{"x":3.3256072998046877,"y":2.9648256301879885,"z":55.66386413574219},"rotation":{"x":-0.09993312507867813,"y":-0.5757636427879334,"z":0.07117864489555359,"w":-0.808358371257782},"size":10.677363395690918,"orthographic":false}