{"cameraMode":{"drawMode":0,"name":"Shaded","section":"Shading Mode"},"sceneLighting":true,"audioPlay":false,"sceneViewState":{"showFog":true,"showMaterialUpdate":true,"showSkybox":true,"showFlares":true,"showImageEffects":true,"showParticleSystems":true},"in2DMode":false,"pivot":{"x":14.943434715270996,"y":0.17102473974227906,"z":14.952065467834473},"rotation":{"x":-0.3480607271194458,"y":-0.0023288289085030557,"z":0.0008647875511087477,"w":-0.9374687671661377},"size":2.3232078552246095,"orthographic":false}