{"cameraMode":{"drawMode":0,"name":"Shaded","section":"Shading Mode"},"sceneLighting":false,"audioPlay":false,"sceneViewState":{"showFog":true,"showMaterialUpdate":true,"showSkybox":true,"showFlares":true,"showImageEffects":true,"showParticleSystems":true},"in2DMode":false,"pivot":{"x":19.465896606445314,"y":0.10644876956939697,"z":10.950095176696778},"rotation":{"x":0.13872814178466798,"y":0.38928884267807009,"z":-0.0594334676861763,"w":0.9086673855781555},"size":5.124184608459473,"orthographic":false}