{"cameraMode":{"drawMode":2,"name":"Shaded Wireframe","section":"Shading Mode"},"sceneLighting":true,"audioPlay":false,"sceneViewState":{"showFog":true,"showMaterialUpdate":true,"showSkybox":true,"showFlares":true,"showImageEffects":true,"showParticleSystems":true},"in2DMode":false,"pivot":{"x":4.217377662658691,"y":-2.3690834045410158,"z":3.855545997619629},"rotation":{"x":0.3973834812641144,"y":0.30931422114372256,"z":-0.1442989706993103,"w":0.8518151044845581},"size":35.72624206542969,"orthographic":false}