{"cameraMode":{"drawMode":2,"name":"Shaded Wireframe","section":"Shading Mode"},"sceneLighting":false,"audioPlay":false,"sceneViewState":{"showFog":true,"showMaterialUpdate":true,"showSkybox":true,"showFlares":true,"showImageEffects":true,"showParticleSystems":true},"in2DMode":false,"pivot":{"x":-0.029795408248901368,"y":3.4751923084259035,"z":-0.049858808517456058},"rotation":{"x":0.22839871048927308,"y":-0.43098607659339907,"z":0.11372924596071243,"w":0.8655349016189575},"size":14.456655502319336,"orthographic":false}