{"cameraMode":{"drawMode":0,"name":"Shaded","section":"Shading Mode"},"sceneLighting":false,"audioPlay":false,"sceneViewState":{"showFog":false,"showMaterialUpdate":false,"showSkybox":false,"showFlares":false,"showImageEffects":false,"showParticleSystems":false},"in2DMode":false,"pivot":{"x":1.435807466506958,"y":-0.7870943546295166,"z":0.00817108154296875},"rotation":{"x":-0.1274029165506363,"y":-0.8050752878189087,"z":0.1870686411857605,"w":-0.548295259475708},"size":5.7204508781433109,"orthographic":false}