{"cameraMode":{"drawMode":0,"name":"Shaded","section":"Shading Mode"},"sceneLighting":false,"audioPlay":false,"sceneViewState":{"showFog":true,"showMaterialUpdate":true,"showSkybox":true,"showFlares":true,"showImageEffects":true,"showParticleSystems":true},"in2DMode":false,"pivot":{"x":-0.8629999160766602,"y":0.541066586971283,"z":-0.0022418200969696047},"rotation":{"x":-0.021542897447943689,"y":0.9782626628875732,"z":-0.15536582469940186,"w":-0.1356450319290161},"size":1.2480599880218506,"orthographic":false}