{"cameraMode":{"drawMode":2,"name":"Shaded Wireframe","section":"Shading Mode"},"sceneLighting":false,"audioPlay":false,"sceneViewState":{"showFog":true,"showMaterialUpdate":true,"showSkybox":true,"showFlares":true,"showImageEffects":true,"showParticleSystems":true},"in2DMode":false,"pivot":{"x":0.40892601013183596,"y":-0.7433592677116394,"z":0.20711755752563477},"rotation":{"x":0.0564422681927681,"y":-0.44217273592948916,"z":0.02789391577243805,"w":0.8947175741195679},"size":4.5320515632629398,"orthographic":false}