{"cameraMode":{"drawMode":0,"name":"Shaded","section":"Shading Mode"},"sceneLighting":false,"audioPlay":false,"sceneViewState":{"showFog":true,"showMaterialUpdate":true,"showSkybox":true,"showFlares":true,"showImageEffects":true,"showParticleSystems":true},"in2DMode":false,"pivot":{"x":-1.3424274921417237,"y":-1.256636381149292,"z":3.4538936614990236},"rotation":{"x":0.4986032247543335,"y":0.0062948730774223808,"z":-0.0036207798402756454,"w":0.8667999505996704},"size":6.3683857917785648,"orthographic":false}