{"cameraMode":{"drawMode":2,"name":"Shaded Wireframe","section":"Shading Mode"},"sceneLighting":false,"audioPlay":false,"sceneViewState":{"showFog":true,"showMaterialUpdate":true,"showSkybox":true,"showFlares":true,"showImageEffects":true,"showParticleSystems":true},"in2DMode":false,"pivot":{"x":7.226428985595703,"y":-24.493995666503908,"z":4.26460075378418},"rotation":{"x":0.28958162665367129,"y":0.5156114101409912,"z":-0.19055384397506715,"w":0.7835666537284851},"size":80.84744262695313,"orthographic":false}