{"cameraMode":{"drawMode":0,"name":"Shaded","section":"Shading Mode"},"sceneLighting":false,"audioPlay":false,"sceneViewState":{"showFog":true,"showMaterialUpdate":true,"showSkybox":true,"showFlares":true,"showImageEffects":true,"showParticleSystems":true},"in2DMode":false,"pivot":{"x":0.0,"y":1.0017342567443848,"z":0.0039681196212768559},"rotation":{"x":-0.021542897447943689,"y":0.9782626628875732,"z":-0.15536582469940186,"w":-0.1356450319290161},"size":1.7317065000534058,"orthographic":false}