{"cameraMode":{"drawMode":2,"name":"Shaded Wireframe","section":"Shading Mode"},"sceneLighting":false,"audioPlay":false,"sceneViewState":{"showFog":true,"showMaterialUpdate":true,"showSkybox":true,"showFlares":true,"showImageEffects":true,"showParticleSystems":true},"in2DMode":false,"pivot":{"x":0.5171455144882202,"y":0.8619455695152283,"z":0.4753747582435608},"rotation":{"x":0.09579045325517655,"y":0.24522855877876283,"z":-0.024357382208108903,"w":0.9644137620925903},"size":3.6017653942108156,"orthographic":false}