{"cameraMode":{"drawMode":0,"name":"Shaded","section":"Shading Mode"},"sceneLighting":false,"audioPlay":false,"sceneViewState":{"showFog":true,"showMaterialUpdate":true,"showSkybox":true,"showFlares":true,"showImageEffects":true,"showParticleSystems":true},"in2DMode":false,"pivot":{"x":0.1002001166343689,"y":0.0031868815422058107,"z":-0.2765336036682129},"rotation":{"x":-0.0669216588139534,"y":0.92535001039505,"z":-0.3185102343559265,"w":-0.19442255795001985},"size":0.9953798651695252,"orthographic":false}