{"cameraMode":{"drawMode":2,"name":"Shaded Wireframe","section":"Shading Mode"},"sceneLighting":false,"audioPlay":false,"sceneViewState":{"showFog":true,"showMaterialUpdate":true,"showSkybox":true,"showFlares":true,"showImageEffects":true,"showParticleSystems":true},"in2DMode":false,"pivot":{"x":-0.023978710174560548,"y":0.7364593148231506,"z":0.009386181831359864},"rotation":{"x":0.22839871048927308,"y":-0.43098607659339907,"z":0.11372924596071243,"w":0.8655349016189575},"size":5.513919353485107,"orthographic":false}