{"cameraMode":{"drawMode":0,"name":"Shaded","section":"Shading Mode"},"sceneLighting":false,"audioPlay":false,"sceneViewState":{"showFog":true,"showMaterialUpdate":false,"showSkybox":true,"showFlares":true,"showImageEffects":true,"showParticleSystems":true},"in2DMode":false,"pivot":{"x":9.340118408203125,"y":0.322601318359375,"z":7.060084819793701},"rotation":{"x":-0.06470891088247299,"y":-0.041304055601358417,"z":0.0026806783862411978,"w":-0.9970454573631287},"size":2.8578836917877199,"orthographic":false}