{"cameraMode":{"drawMode":2,"name":"Shaded Wireframe","section":"Shading Mode"},"sceneLighting":false,"audioPlay":false,"sceneViewState":{"showFog":false,"showMaterialUpdate":false,"showSkybox":false,"showFlares":false,"showImageEffects":false,"showParticleSystems":false},"in2DMode":false,"pivot":{"x":3.3256072998046877,"y":2.9648256301879885,"z":55.66386413574219},"rotation":{"x":-0.009208876639604569,"y":0.9322730302810669,"z":-0.3608548045158386,"w":-0.023791514337062837},"size":10.677363395690918,"orthographic":false}