{"cameraMode":{"drawMode":0,"name":"Shaded","section":"Shading Mode"},"sceneLighting":false,"audioPlay":false,"sceneViewState":{"showFog":true,"showMaterialUpdate":true,"showSkybox":true,"showFlares":true,"showImageEffects":true,"showParticleSystems":true},"in2DMode":false,"pivot":{"x":1.9853122234344483,"y":1.1935666799545289,"z":-0.39924001693725588},"rotation":{"x":0.0752359926700592,"y":0.8594943881034851,"z":-0.1325386017560959,"w":0.48789605498313906},"size":5.894796371459961,"orthographic":false}