{"cameraMode":{"drawMode":0,"name":"Shaded","section":"Shading Mode"},"sceneLighting":false,"audioPlay":false,"sceneViewState":{"showFog":true,"showMaterialUpdate":true,"showSkybox":true,"showFlares":true,"showImageEffects":true,"showParticleSystems":true},"in2DMode":false,"pivot":{"x":0.017786622047424318,"y":0.061603158712387088,"z":0.220960333943367},"rotation":{"x":-0.13826504349708558,"y":0.8058892488479614,"z":-0.20749732851982118,"w":-0.5370011329650879},"size":2.0006356239318849,"orthographic":false}