{"cameraMode":{"drawMode":0,"name":"Shaded","section":"Shading Mode"},"sceneLighting":false,"audioPlay":false,"sceneViewState":{"showFog":true,"showMaterialUpdate":true,"showSkybox":true,"showFlares":true,"showImageEffects":true,"showParticleSystems":true},"in2DMode":false,"pivot":{"x":-0.8525151014328003,"y":-0.3604637384414673,"z":0.7455286979675293},"rotation":{"x":-0.1505783349275589,"y":0.83587646484375,"z":-0.2821146845817566,"w":-0.44614797830581667},"size":2.3950915336608888,"orthographic":false}