{"cameraMode":{"drawMode":0,"name":"Shaded","section":"Shading Mode"},"sceneLighting":false,"audioPlay":false,"sceneViewState":{"showFog":false,"showMaterialUpdate":false,"showSkybox":false,"showFlares":false,"showImageEffects":false,"showParticleSystems":false},"in2DMode":false,"pivot":{"x":12.577899932861329,"y":-0.4986076354980469,"z":21.481800079345704},"rotation":{"x":-0.016103900969028474,"y":-0.8990460634231567,"z":0.43629780411720278,"w":-0.033183883875608447},"size":56.47675323486328,"orthographic":false}