{"cameraMode":{"drawMode":2,"name":"Shaded Wireframe","section":"Shading Mode"},"sceneLighting":false,"audioPlay":false,"sceneViewState":{"showFog":false,"showMaterialUpdate":false,"showSkybox":false,"showFlares":false,"showImageEffects":false,"showParticleSystems":false},"in2DMode":false,"pivot":{"x":3.3111014366149904,"y":2.6176793575286867,"z":52.877891540527347},"rotation":{"x":-0.009208876639604569,"y":0.9322730302810669,"z":-0.3608548045158386,"w":-0.023791514337062837},"size":20.996164321899415,"orthographic":false}