{"cameraMode":{"drawMode":0,"name":"Shaded","section":"Shading Mode"},"sceneLighting":false,"audioPlay":false,"sceneViewState":{"showFog":true,"showMaterialUpdate":true,"showSkybox":true,"showFlares":true,"showImageEffects":true,"showParticleSystems":true},"in2DMode":false,"pivot":{"x":-0.11942511796951294,"y":0.07966363430023194,"z":-1.1832195520401},"rotation":{"x":0.010141787119209767,"y":-0.9841057062149048,"z":0.16690583527088166,"w":0.0597962886095047},"size":2.7480599880218508,"orthographic":false}