{"cameraMode":{"drawMode":0,"name":"Shaded","section":"Shading Mode"},"sceneLighting":false,"audioPlay":false,"sceneViewState":{"showFog":true,"showMaterialUpdate":true,"showSkybox":true,"showFlares":true,"showImageEffects":true,"showParticleSystems":true},"in2DMode":false,"pivot":{"x":-0.36689043045043948,"y":0.0714835524559021,"z":-0.05578826367855072},"rotation":{"x":-0.15012606978416444,"y":0.7211053371429443,"z":-0.16504532098770142,"w":-0.6559187173843384},"size":3.2233755588531496,"orthographic":false}