{"cameraMode":{"drawMode":2,"name":"Shaded Wireframe","section":"Shading Mode"},"sceneLighting":false,"audioPlay":false,"sceneViewState":{"showFog":true,"showMaterialUpdate":true,"showSkybox":true,"showFlares":true,"showImageEffects":true,"showParticleSystems":true},"in2DMode":false,"pivot":{"x":0.5166031718254089,"y":0.23479294776916505,"z":0.9427931308746338},"rotation":{"x":0.2592756152153015,"y":-0.22628149390220643,"z":0.06262514740228653,"w":0.9368303418159485},"size":2.5424444675445558,"orthographic":false}