{"cameraMode":{"drawMode":0,"name":"Shaded","section":"Shading Mode"},"sceneLighting":false,"audioPlay":false,"sceneViewState":{"showFog":true,"showMaterialUpdate":true,"showSkybox":true,"showFlares":true,"showImageEffects":true,"showParticleSystems":true},"in2DMode":false,"pivot":{"x":-2.338230609893799,"y":0.3050413131713867,"z":-2.784187078475952},"rotation":{"x":-0.05988601967692375,"y":0.9401076436042786,"z":-0.23904964327812196,"w":-0.23551343381404878},"size":7.194194793701172,"orthographic":false}