{"cameraMode":{"drawMode":0,"name":"Shaded","section":"Shading Mode"},"sceneLighting":true,"audioPlay":false,"sceneViewState":{"showFog":true,"showMaterialUpdate":true,"showSkybox":true,"showFlares":true,"showImageEffects":true,"showParticleSystems":true},"in2DMode":false,"pivot":{"x":15.040853500366211,"y":0.562303900718689,"z":14.92537784576416},"rotation":{"x":-0.10921359807252884,"y":-0.6672197580337524,"z":0.09981903433799744,"w":-0.7300180792808533},"size":2.9961843490600588,"orthographic":false}