{"cameraMode":{"drawMode":2,"name":"Shaded Wireframe","section":"Shading Mode"},"sceneLighting":false,"audioPlay":false,"sceneViewState":{"showFog":true,"showMaterialUpdate":true,"showSkybox":true,"showFlares":true,"showImageEffects":true,"showParticleSystems":true},"in2DMode":false,"pivot":{"x":0.49369290471076968,"y":0.1828559786081314,"z":0.4817326068878174},"rotation":{"x":0.23650875687599183,"y":0.2068297117948532,"z":-0.05160224810242653,"w":0.947956919670105},"size":0.810420036315918,"orthographic":false}