{"cameraMode":{"drawMode":2,"name":"Shaded Wireframe","section":"Shading Mode"},"sceneLighting":false,"audioPlay":false,"sceneViewState":{"showFog":true,"showMaterialUpdate":true,"showSkybox":true,"showFlares":true,"showImageEffects":true,"showParticleSystems":true},"in2DMode":false,"pivot":{"x":0.5247882604598999,"y":0.1223522275686264,"z":0.30893826484680178},"rotation":{"x":0.1438106894493103,"y":0.12581157684326173,"z":-0.018435990437865258,"w":0.9814020991325378},"size":0.1890428066253662,"orthographic":false}