{"cameraMode":{"drawMode":0,"name":"Shaded","section":"Shading Mode"},"sceneLighting":false,"audioPlay":false,"sceneViewState":{"showFog":true,"showMaterialUpdate":true,"showSkybox":true,"showFlares":true,"showImageEffects":true,"showParticleSystems":true},"in2DMode":false,"pivot":{"x":0.3847532272338867,"y":0.5715186595916748,"z":0.9024194478988648},"rotation":{"x":0.2240494340658188,"y":0.7750595808029175,"z":-0.3961471617221832,"w":0.43835145235061648},"size":2.4480600357055666,"orthographic":false}