{"cameraMode":{"drawMode":2,"name":"Shaded Wireframe","section":"Shading Mode"},"sceneLighting":false,"audioPlay":false,"sceneViewState":{"showFog":true,"showMaterialUpdate":true,"showSkybox":true,"showFlares":true,"showImageEffects":true,"showParticleSystems":true},"in2DMode":false,"pivot":{"x":0.49808478355407717,"y":0.18275022506713868,"z":0.5035138130187988},"rotation":{"x":-0.30838605761528017,"y":-0.005144466646015644,"z":0.0016678967513144017,"w":-0.951245903968811},"size":1.0489006042480469,"orthographic":false}