{"cameraMode":{"drawMode":2,"name":"Shaded Wireframe","section":"Shading Mode"},"sceneLighting":false,"audioPlay":false,"sceneViewState":{"showFog":true,"showMaterialUpdate":true,"showSkybox":true,"showFlares":true,"showImageEffects":true,"showParticleSystems":true},"in2DMode":false,"pivot":{"x":15.429842948913575,"y":0.7157598733901978,"z":18.636754989624025},"rotation":{"x":0.17689356207847596,"y":-0.23086735606193543,"z":0.042726676911115649,"w":0.9558156132698059},"size":2.6208291053771974,"orthographic":false}