{"cameraMode":{"drawMode":0,"name":"Shaded","section":"Shading Mode"},"sceneLighting":false,"audioPlay":false,"sceneViewState":{"showFog":true,"showMaterialUpdate":true,"showSkybox":true,"showFlares":true,"showImageEffects":true,"showParticleSystems":true},"in2DMode":false,"pivot":{"x":-0.975263774394989,"y":0.4817408323287964,"z":0.015157610177993775},"rotation":{"x":-0.0669216588139534,"y":0.92535001039505,"z":-0.3185102343559265,"w":-0.19442255795001985},"size":3.1020262241363527,"orthographic":false}