{"cameraMode":{"drawMode":0,"name":"Shaded","section":"Shading Mode"},"sceneLighting":false,"audioPlay":false,"sceneViewState":{"showFog":true,"showMaterialUpdate":true,"showSkybox":true,"showFlares":true,"showImageEffects":true,"showParticleSystems":true},"in2DMode":false,"pivot":{"x":1.1280906200408936,"y":1.338355541229248,"z":5.33200740814209},"rotation":{"x":-0.007185457739979029,"y":0.990741491317749,"z":-0.12248256802558899,"w":-0.05811883509159088},"size":4.665412902832031,"orthographic":false}