{"cameraMode":{"drawMode":2,"name":"Shaded Wireframe","section":"Shading Mode"},"sceneLighting":false,"audioPlay":false,"sceneViewState":{"showFog":true,"showMaterialUpdate":true,"showSkybox":true,"showFlares":true,"showImageEffects":true,"showParticleSystems":true},"in2DMode":false,"pivot":{"x":-0.26283299922943118,"y":0.6572162508964539,"z":0.15604209899902345},"rotation":{"x":0.22839871048927308,"y":-0.43098607659339907,"z":0.11372924596071243,"w":0.8655349016189575},"size":1.1366033554077149,"orthographic":false}