{"cameraMode":{"drawMode":2,"name":"Shaded Wireframe","section":"Shading Mode"},"sceneLighting":false,"audioPlay":false,"sceneViewState":{"showFog":false,"showMaterialUpdate":false,"showSkybox":false,"showFlares":false,"showImageEffects":false,"showParticleSystems":false},"in2DMode":false,"pivot":{"x":3.7988905906677248,"y":2.767172336578369,"z":50.55185317993164},"rotation":{"x":-0.009208876639604569,"y":0.9322730302810669,"z":-0.3608548045158386,"w":-0.023791514337062837},"size":11.789592742919922,"orthographic":false}