{"cameraMode":{"drawMode":0,"name":"Shaded","section":"Shading Mode"},"sceneLighting":false,"audioPlay":false,"sceneViewState":{"showFog":true,"showMaterialUpdate":true,"showSkybox":true,"showFlares":true,"showImageEffects":true,"showParticleSystems":true},"in2DMode":false,"pivot":{"x":0.9660971760749817,"y":0.6177562475204468,"z":-0.16221973299980164},"rotation":{"x":-0.033278219401836398,"y":0.9664710760116577,"z":-0.1908906251192093,"w":-0.16848419606685639},"size":0.7060708403587341,"orthographic":false}