{"cameraMode":{"drawMode":0,"name":"Shaded","section":"Shading Mode"},"sceneLighting":false,"audioPlay":false,"sceneViewState":{"showFog":true,"showMaterialUpdate":true,"showSkybox":true,"showFlares":true,"showImageEffects":true,"showParticleSystems":true},"in2DMode":false,"pivot":{"x":1.4275293350219727,"y":0.6066041588783264,"z":0.11990119516849518},"rotation":{"x":-0.06793929636478424,"y":-0.9319425225257874,"z":0.25943055748939516,"w":-0.24405603110790254},"size":0.8006364703178406,"orthographic":false}