{"cameraMode":{"drawMode":2,"name":"Shaded Wireframe","section":"Shading Mode"},"sceneLighting":false,"audioPlay":false,"sceneViewState":{"showFog":true,"showMaterialUpdate":true,"showSkybox":true,"showFlares":true,"showImageEffects":true,"showParticleSystems":true},"in2DMode":false,"pivot":{"x":0.3283512592315674,"y":-0.05577501654624939,"z":0.7628591060638428},"rotation":{"x":0.09965042769908905,"y":-0.30811023712158205,"z":0.032470978796482089,"w":0.9455599188804627},"size":2.3334522247314455,"orthographic":false}