{"cameraMode":{"drawMode":0,"name":"Shaded","section":"Shading Mode"},"sceneLighting":true,"audioPlay":false,"sceneViewState":{"showFog":true,"showMaterialUpdate":true,"showSkybox":true,"showFlares":true,"showImageEffects":true,"showParticleSystems":true},"in2DMode":false,"pivot":{"x":837.5113525390625,"y":606.5113525390625,"z":0.0},"rotation":{"x":-0.34097862243652346,"y":-0.014729133807122708,"z":0.005343174561858177,"w":-0.9399405121803284},"size":258.9602355957031,"orthographic":false}