{"cameraMode":{"drawMode":2,"name":"Shaded Wireframe","section":"Shading Mode"},"sceneLighting":false,"audioPlay":false,"sceneViewState":{"showFog":true,"showMaterialUpdate":true,"showSkybox":true,"showFlares":true,"showImageEffects":true,"showParticleSystems":true},"in2DMode":false,"pivot":{"x":0.520574688911438,"y":1.034334659576416,"z":0.4704497456550598},"rotation":{"x":0.09579045325517655,"y":0.24522855877876283,"z":-0.024357382208108903,"w":0.9644137620925903},"size":4.322118282318115,"orthographic":false}