{"cameraMode":{"drawMode":2,"name":"Shaded Wireframe","section":"Shading Mode"},"sceneLighting":true,"audioPlay":false,"sceneViewState":{"showFog":false,"showMaterialUpdate":false,"showSkybox":false,"showFlares":false,"showImageEffects":false,"showParticleSystems":false},"in2DMode":false,"pivot":{"x":2.0211801528930666,"y":11.850866317749024,"z":28.339387893676759},"rotation":{"x":-0.2876417338848114,"y":-0.3649722635746002,"z":0.1196572482585907,"w":-0.8773480653762817},"size":23.32263946533203,"orthographic":false}